origem;data_hora;mes_ano;trimestre_ano;endereco;regional;ano;Geometry
SGO;2019-01-01 07:40:58;JANEIRO/2019;01/2019;AVENIDA SILVA LOBO 492, PRADO;OESTE;2019;POINT (-43.92618074 -19.90639664)
SGO;2019-01-01 07:43:05;JANEIRO/2019;01/2019;AVENIDA SILVA LOBO 627, PRADO;OESTE;2019;POINT (-44.00935454 -19.90790092)
SGO;2019-01-01 22:15:20;JANEIRO/2019;01/2019;AVENIDA NOSSA SENHORA DE FATIMA 1462, CARLOS PRATES;NOROESTE;2019;POINT (-43.97408557 -19.92241627)
SGO;2019-01-02 05:39:21;JANEIRO/2019;01/2019;RUA PLATINA 1600, PRADO;OESTE;2019;POINT (-44.00935454 -19.90790092)
SGO;2019-01-02 05:40:45;JANEIRO/2019;01/2019;AVENIDA SILVA LOBO 627, PRADO;OESTE;2019;POINT (-43.9474759609403 -19.9322060279292)
SGO;2019-01-02 16:14:10;JANEIRO/2019;01/2019;RUA DOS TIMBIRAS 2875, BARRO PRETO;CENTRO-SUL;2019;POINT (-43.95627565 -19.93026525)
SGO;2019-01-03 05:33:04;JANEIRO/2019;01/2019;RUA PLATINA 1725, PRADO;OESTE;2019;POINT (-43.93792081 -19.92207489)
SGO;2019-01-03 05:41:19;JANEIRO/2019;01/2019;AVENIDA SILVA LOBO 492, PRADO;OESTE;2019;POINT (-43.9558869306452 -19.9310809805728)
SGO;2019-01-03 05:56:38;JANEIRO/2019;01/2019;AVENIDA SILVA LOBO 701, PRADO;OESTE;2019;POINT (-43.94816448 -19.93277499)
SGO;2019-01-03 06:45:04;JANEIRO/2019;01/2019;AVENIDA SILVIANO BRANDAO 289, FLORESTA;LESTE;2019;POINT (-43.96784278 -19.92167749)
SGO;2019-01-03 07:28:53;JANEIRO/2019;01/2019;AVENIDA PRESIDENTE ANTONIO CARLOS 4175, SAO FRANCISCO;PAMPULHA;2019;POINT (-43.93540816 -19.91691994)
SGO;2019-01-03 10:29:01;JANEIRO/2019;01/2019;RUA DOS TIMBIRAS 2875, BARRO PRETO;CENTRO-SUL;2019;POINT (-43.9350208985582 -19.9153070882576)
SGO;2019-01-04 01:38:21;JANEIRO/2019;01/2019;AVENIDA SILVA LOBO 627, PRADO;OESTE;2019;POINT (-43.95588693 -19.93108098)
SGO;2019-01-05 07:31:17;JANEIRO/2019;01/2019;AVENIDA AMAZONAS 3802, PRADO;OESTE;2019;POINT (-43.9382055995368 -19.9219566216328)
SGO;2019-01-06 07:27:44;JANEIRO/2019;01/2019;AVENIDA PRESIDENTE ANTONIO CARLOS 4157, SAO FRANCISCO;PAMPULHA;2019;POINT (-43.94816448 -19.93277499)
SGO;2019-01-07 05:42:53;JANEIRO/2019;01/2019;AVENIDA CRISTIANO MACHADO 2201, SILVEIRA;NORDESTE;2019;POINT (-43.94816448 -19.93277499)
SGO;2019-01-07 07:05:19;JANEIRO/2019;01/2019;RUA JACUI 1466, GRACA;NORDESTE;2019;POINT (-43.93746449 -19.920547)
SGO;2019-01-08 06:12:14;JANEIRO/2019;01/2019;AVENIDA SILVA LOBO 627, PRADO;OESTE;2019;POINT (-43.95588693 -19.93108098)
SGO;2019-01-08 08:06:01;JANEIRO/2019;01/2019;AVENIDA PRESIDENTE CARLOS LUZ 1155, CAICARAS;NOROESTE;2019;POINT (-43.93746449 -19.920547)
SGO;2019-01-10 06:00:33;JANEIRO/2019;01/2019;AVENIDA PRESIDENTE ANTONIO CARLOS 4157, SAO FRANCISCO;PAMPULHA;2019;POINT (-43.94480051 -19.92373273)
SGO;2019-01-11 06:04:29;JANEIRO/2019;01/2019;RUA DOS GUAICURUS 104, CENTRO;CENTRO-SUL;2019;POINT (-43.93540816 -19.91691994)
SGO;2019-01-12 07:36:45;JANEIRO/2019;01/2019;RUA DOS TUPIS 1305, BARRO PRETO;CENTRO-SUL;2019;POINT (-43.9454788643332 -19.9199391356133)
SGO;2019-01-13 06:22:16;JANEIRO/2019;01/2019;AVENIDA CRISTIANO MACHADO 2450, CIDADE NOVA;NORDESTE;2019;POINT (-43.94597295 -19.92011542)
SGO;2019-01-13 06:24:39;JANEIRO/2019;01/2019;RUA ARAGUARI 154, BARRO PRETO;CENTRO-SUL;2019;POINT (-43.9715503 -19.92839125)
SGO;2019-01-15 07:58:24;JANEIRO/2019;01/2019;AVENIDA DOS ANDRADAS 7500, ALTO VERA CRUZ;LESTE;2019;POINT (-43.94249733 -19.91305723)
SGO;2019-01-15 09:44:47;JANEIRO/2019;01/2019;AVENIDA PRESIDENTE ANTONIO CARLOS 3844, SAO FRANCISCO;PAMPULHA;2019;POINT (-43.94334103 -19.91913155)
SGO;2019-01-15 20:11:59;JANEIRO/2019;01/2019;RUA SONIA 28, PRIMEIRO DE MAIO;NORTE;2019;POINT (-43.94480051 -19.92373273)
SGO;2019-01-16 06:04:38;JANEIRO/2019;01/2019;AVENIDA PRESIDENTE ANTONIO CARLOS 6280, INDAIA;PAMPULHA;2019;POINT (-43.9446465504678 -19.9234889659256)
SGO;2019-01-17 05:56:40;JANEIRO/2019;01/2019;AVENIDA FRANCISCO SALES 1031, SAO LUCAS;CENTRO-SUL;2019;POINT (-43.94625288 -19.92228537)
SGO;2019-01-17 06:04:10;JANEIRO/2019;01/2019;AVENIDA CARANDAI 12, SAO LUCAS;CENTRO-SUL;2019;POINT (-43.94480051 -19.92373273)
SGO;2019-01-19 06:21:38;JANEIRO/2019;01/2019;AVENIDA DO CONTORNO 4071, SAO LUCAS;CENTRO-SUL;2019;POINT (-43.9680791875528 -19.9312913169288)
SGO;2019-01-19 06:31:11;JANEIRO/2019;01/2019;AVENIDA PRESIDENTE ANTONIO CARLOS 4157, SAO FRANCISCO;PAMPULHA;2019;POINT (-43.9428629121447 -19.9152456252983)
SGO;2019-01-19 08:47:59;JANEIRO/2019;01/2019;RUA RIO GRANDE DO SUL 1376, SANTO AGOSTINHO;CENTRO-SUL;2019;POINT (-43.96607204 -19.93135725)
SGO;2019-01-19 18:17:10;JANEIRO/2019;01/2019;AVENIDA PRESIDENTE ANTONIO CARLOS 3844, SAO FRANCISCO;PAMPULHA;2019;POINT (-43.98479886 -19.92252258)
SGO;2019-01-21 05:57:56;JANEIRO/2019;01/2019;AVENIDA PRESIDENTE ANTONIO CARLOS 4157, SAO FRANCISCO;PAMPULHA;2019;POINT (-43.9367110821292 -19.9047134049513)
SGO;2019-01-21 08:36:17;JANEIRO/2019;01/2019;RUA PLATINA 1407, CALAFATE;OESTE;2019;POINT (-43.94849542 -19.91921288)
SGO;2019-01-22 06:02:15;JANEIRO/2019;01/2019;AVENIDA CRISTIANO MACHADO 640, SAGRADA FAMILIA;LESTE;2019;POINT (-43.96807919 -19.93129132)
SGO;2019-01-23 06:04:00;JANEIRO/2019;01/2019;AVENIDA PRESIDENTE ANTONIO CARLOS 6280, INDAIA;PAMPULHA;2019;POINT (-43.936684669591 -19.9242455478799)
SGO;2019-01-23 06:04:55;JANEIRO/2019;01/2019;AVENIDA PRESIDENTE ANTONIO CARLOS 4175, SAO FRANCISCO;PAMPULHA;2019;POINT (-43.96575333 -19.91276782)
SGO;2019-01-23 06:07:24;JANEIRO/2019;01/2019;AVENIDA BARBACENA 1219, SANTO AGOSTINHO;CENTRO-SUL;2019;POINT (-43.966034427664 -19.9127274062816)
SGO;2019-01-23 07:16:38;JANEIRO/2019;01/2019;AVENIDA VILARINHO 6000, MANTIQUEIRA;VENDA NOVA;2019;POINT (-43.9499182711084 -19.9188375335767)
SGO;2019-01-23 10:56:39;JANEIRO/2019;01/2019;RUA DOS TUPINAMBAS 691, CENTRO;CENTRO-SUL;2019;POINT (-43.9433527 -19.90875188)
SGO;2019-01-24 02:32:36;JANEIRO/2019;01/2019;AVENIDA PRESIDENTE ANTONIO CARLOS 4175, SAO FRANCISCO;PAMPULHA;2019;POINT (-43.968242084565 -19.9308346989773)
SGO;2019-01-24 05:39:57;JANEIRO/2019;01/2019;AVENIDA BARAO HOMEM DE MELO 470, JARDIM AMERICA;OESTE;2019;POINT (-43.966380761288 -19.9313378175714)
SGO;2019-01-24 05:52:46;JANEIRO/2019;01/2019;RUA DOS TUPIS 1228, BARRO PRETO;CENTRO-SUL;2019;POINT (-43.94346637 -19.91563242)
SGO;2019-01-24 05:53:25;JANEIRO/2019;01/2019;RUA DOS TIMBIRAS 1484, CENTRO;CENTRO-SUL;2019;POINT (-43.97753354 -19.87604288)
SGO;2019-01-25 06:15:59;JANEIRO/2019;01/2019;AVENIDA SILVA LOBO 627, PRADO;OESTE;2019;POINT (-43.96607204 -19.93135725)
SGO;2019-01-26 05:34:51;JANEIRO/2019;01/2019;AVENIDA PRESIDENTE ANTONIO CARLOS 3844, SAO FRANCISCO;PAMPULHA;2019;POINT (-43.969547899904 -19.9307066774695)
SGO;2019-01-26 06:14:17;JANEIRO/2019;01/2019;AVENIDA BARAO HOMEM DE MELO 470, JARDIM AMERICA;OESTE;2019;POINT (-43.9433178575957 -19.9191632246251)
SGO;2019-01-26 06:16:35;JANEIRO/2019;01/2019;AVENIDA SILVA LOBO 627, PRADO;OESTE;2019;POINT (-43.98173777 -19.92233822)
SGO;2019-01-26 09:24:05;JANEIRO/2019;01/2019;RUA PADRE PEDRO PINTO 2744, LETICIA;VENDA NOVA;2019;POINT (-43.96831427 -19.93141509)
SGO;2019-01-28 04:53:00;JANEIRO/2019;01/2019;AVENIDA CRISTIANO MACHADO 7800, PRIMEIRO DE MAIO;NORTE;2019;POINT (-43.93564337 -19.92789013)
SGO;2019-01-28 05:48:26;JANEIRO/2019;01/2019;AVENIDA PRESIDENTE ANTONIO CARLOS 6280, INDAIA;PAMPULHA;2019;POINT (-43.94334103 -19.91913155)
SGO;2019-01-29 01:32:42;JANEIRO/2019;01/2019;AVENIDA AMAZONAS 544, CENTRO;CENTRO-SUL;2019;POINT (-43.96982721 -19.93117842)
SGO;2019-01-29 05:13:57;JANEIRO/2019;01/2019;RUA DOS TIMBIRAS 1493, CENTRO;CENTRO-SUL;2019;POINT (-43.9352130722029 -19.9275945000496)
SGO;2019-01-29 09:43:50;JANEIRO/2019;01/2019;AVENIDA PRESIDENTE ANTONIO CARLOS 3844, SAO FRANCISCO;PAMPULHA;2019;POINT (-43.94957289 -19.91928176)
SGO;2019-01-30 05:50:06;JANEIRO/2019;01/2019;RUA GONCALVES DIAS 2522, LOURDES;CENTRO-SUL;2019;POINT (-43.95360624 -19.93872118)
SGO;2019-01-30 05:51:51;JANEIRO/2019;01/2019;RUA PARACATU 244, BARRO PRETO;CENTRO-SUL;2019;POINT (-43.9537143753279 -19.9393131710182)
SGO;2019-01-30 06:01:18;JANEIRO/2019;01/2019;RUA GRAO MOGOL 430, CARMO;CENTRO-SUL;2019;POINT (-43.94334103 -19.91913155)
SGO;2019-01-30 06:11:09;JANEIRO/2019;01/2019;AVENIDA PRESIDENTE ANTONIO CARLOS 4175, SAO FRANCISCO;PAMPULHA;2019;POINT (-43.9433752683878 -19.9207128506199)
SGO;2019-01-30 10:33:35;JANEIRO/2019;01/2019;AVENIDA PRESIDENTE ANTONIO CARLOS 4157, SAO FRANCISCO;PAMPULHA;2019;POINT (-43.9497586961829 -19.9186421835459)
SGO;2019-02-01 05:37:31;FEVEREIRO/2019;01/2019;AVENIDA MAJOR DELFINO DE PAULA 1765, SAO FRANCISCO;PAMPULHA;2019;POINT (-43.94758918 -19.92103117)
SGO;2019-02-01 05:48:10;FEVEREIRO/2019;01/2019;AVENIDA PRESIDENTE ANTONIO CARLOS 4157, SAO FRANCISCO;PAMPULHA;2019;POINT (-43.9442409778114 -19.9204681224743)
SGO;2019-02-01 06:10:51;FEVEREIRO/2019;01/2019;RUA ESPIRITO SANTO 273, CENTRO;CENTRO-SUL;2019;POINT (-43.9473273186046 -19.9211970181922)
SGO;2019-02-01 06:12:54;FEVEREIRO/2019;01/2019;RUA DOS TUPINAMBAS 436, CENTRO;CENTRO-SUL;2019;POINT (-43.95100431 -19.91985176)
SGO;2019-02-02 07:24:02;FEVEREIRO/2019;01/2019;AVENIDA SILVA LOBO 492, CALAFATE;OESTE;2019;POINT (-43.95108236 -19.91854195)
SGO;2019-02-02 07:57:30;FEVEREIRO/2019;01/2019;AVENIDA PORTUGAL 4347, ITAPOA;PAMPULHA;2019;POINT (-43.94482444 -19.92009605)
SGO;2019-02-03 06:01:22;FEVEREIRO/2019;01/2019;RUA DOS GOITACAZES 1506, BARRO PRETO;CENTRO-SUL;2019;POINT (-43.9476381835118 -19.9327763883911)
SGO;2019-02-03 07:44:20;FEVEREIRO/2019;01/2019;AVENIDA DOM PEDRO I 1130, ITAPOA;PAMPULHA;2019;POINT (-43.94816448 -19.93277499)
SGO;2019-02-04 05:46:30;FEVEREIRO/2019;01/2019;AVENIDA PRESIDENTE ANTONIO CARLOS 4157, SAO FRANCISCO;PAMPULHA;2019;POINT (-43.93924466 -19.91861926)
SGO;2019-02-04 06:12:29;FEVEREIRO/2019;01/2019;RUA DOS GOITACAZES 1506, BARRO PRETO;CENTRO-SUL;2019;POINT (-43.9389170059733 -19.9195215730684)
SGO;2019-02-04 07:07:51;FEVEREIRO/2019;01/2019;AVENIDA DOM PEDRO I 1130, SAO FRANCISCO;PAMPULHA;2019;POINT (-43.94816448 -19.93277499)
SGO;2019-02-05 04:09:18;FEVEREIRO/2019;01/2019;AVENIDA PRESIDENTE ANTONIO CARLOS 3844, SAO FRANCISCO;PAMPULHA;2019;POINT (-43.94201338 -19.9218748)
SGO;2019-02-05 04:11:09;FEVEREIRO/2019;01/2019;AVENIDA PRESIDENTE ANTONIO CARLOS 7400, SAO LUIZ;PAMPULHA;2019;POINT (-43.94596601 -19.9201797)
SGO;2019-02-05 05:37:40;FEVEREIRO/2019;01/2019;AVENIDA DOM PEDRO I 2062, PLANALTO;NORTE;2019;POINT (-43.9232311 -19.9311312)
SGO;2019-02-05 05:54:35;FEVEREIRO/2019;01/2019;RUA DOS GOITACAZES 1506, BARRO PRETO;CENTRO-SUL;2019;POINT (-43.9225415344023 -19.9219556023806)
SGO;2019-02-05 17:26:55;FEVEREIRO/2019;01/2019;RUA JACUI 1423, CONCORDIA;NORDESTE;2019;POINT (-43.9216757547226 -19.9221879484493)
SGO;2019-02-05 19:06:27;FEVEREIRO/2019;01/2019;AVENIDA JOSE CANDIDO DA SILVEIRA 2100, HORTO FLORESTAL;LESTE;2019;POINT (-43.91586492 -19.9224771)
SGO;2019-02-06 05:53:14;FEVEREIRO/2019;01/2019;RUA RIO GRANDE DO SUL 290, CENTRO;CENTRO-SUL;2019;POINT (-43.9715159 -19.92904411)
SGO;2019-02-06 19:49:31;FEVEREIRO/2019;01/2019;RUA DOS TIMBIRAS 3216, BARRO PRETO;CENTRO-SUL;2019;POINT (-43.92269021 -19.92455778)
SGO;2019-02-07 05:43:02;FEVEREIRO/2019;01/2019;AVENIDA DOM PEDRO I 2062, PLANALTO;NORTE;2019;POINT (-43.90946446 -19.91669459)
SGO;2019-02-08 05:52:42;FEVEREIRO/2019;01/2019;AVENIDA BARAO HOMEM DE MELO 1803, SANTA SOFIA;OESTE;2019;POINT (-43.95146356 -19.92013126)
SGO;2019-02-10 10:50:46;FEVEREIRO/2019;01/2019;AVENIDA SILVA LOBO 701, PRADO;OESTE;2019;POINT (-43.9496071 -19.92781683)
SGO;2019-02-11 05:51:48;FEVEREIRO/2019;01/2019;AVENIDA SILVA LOBO 492, CALAFATE;OESTE;2019;POINT (-43.93004669 -19.9184167)
SGO;2019-02-11 09:53:55;FEVEREIRO/2019;01/2019;AVENIDA PRESIDENTE ANTONIO CARLOS 7400, SAO LUIZ;PAMPULHA;2019;POINT (-43.9232311 -19.9311312)
SGO;2019-02-11 12:13:20;FEVEREIRO/2019;01/2019;AVENIDA NOSSA SENHORA DO CARMO 1399, SION;CENTRO-SUL;2019;POINT (-43.94899935 -19.92080102)
SGO;2019-02-12 05:04:34;FEVEREIRO/2019;01/2019;AVENIDA PRESIDENTE ANTONIO CARLOS 3844, SAO FRANCISCO;PAMPULHA;2019;POINT (-43.94763818 -19.93277639)
SGO;2019-02-12 07:41:45;FEVEREIRO/2019;01/2019;AVENIDA DEL REY 111, CAICARAS;NOROESTE;2019;POINT (-43.9385893127769 -19.9197170118865)
SGO;2019-02-12 09:34:50;FEVEREIRO/2019;01/2019;RUA DOS TUPIS 890, CENTRO;CENTRO-SUL;2019;POINT (-43.9474759609403 -19.9322060279292)
SGO;2019-02-13 09:17:26;FEVEREIRO/2019;01/2019;AVENIDA AMERICO VESPUCIO 335, APARECIDA;NOROESTE;2019;POINT (-43.9381896 -19.91933999)
SGO;2019-02-14 05:55:00;FEVEREIRO/2019;01/2019;RUA RIO GRANDE DO SUL 1376, SANTO AGOSTINHO;CENTRO-SUL;2019;POINT (-43.95588693 -19.93108098)
SGO;2019-02-14 11:29:34;FEVEREIRO/2019;01/2019;RUA JOSE CLETO 791, SANTA CRUZ;NORDESTE;2019;POINT (-43.94142419 -19.92815041)
SGO;2019-02-15 05:14:19;FEVEREIRO/2019;01/2019;AVENIDA PRESIDENTE ANTONIO CARLOS 3844, SAO FRANCISCO;PAMPULHA;2019;POINT (-43.99544049 -19.95822144)
SGO;2019-02-15 05:48:28;FEVEREIRO/2019;01/2019;AVENIDA DOM PEDRO II 1276, BONFIM;NOROESTE;2019;POINT (-43.90946446 -19.91669459)
SGO;2019-02-15 11:39:29;FEVEREIRO/2019;01/2019;AVENIDA TERESA CRISTINA 9910, BETANIA;OESTE;2019;POINT (-43.95446346 -19.91817766)
SGO;2019-02-16 07:26:33;FEVEREIRO/2019;01/2019;AVENIDA PRESIDENTE ANTONIO CARLOS 7400, SAO LUIZ;PAMPULHA;2019;POINT (-44.00486877 -19.94545681)
SGO;2019-02-16 08:00:17;FEVEREIRO/2019;01/2019;AVENIDA TERESA CRISTINA 9910, BETANIA;OESTE;2019;POINT (-44.00486877 -19.94545681)
SGO;2019-02-17 11:06:31;FEVEREIRO/2019;01/2019;AVENIDA PORTUGAL 4347, ITAPOA;PAMPULHA;2019;POINT (-43.94142419 -19.92815041)
SGO;2019-02-18 07:26:33;FEVEREIRO/2019;01/2019;AVENIDA PORTUGAL 4347, ITAPOA;PAMPULHA;2019;POINT (-43.9417846291294 -19.9285626008114)
SGO;2019-02-19 06:25:47;FEVEREIRO/2019;01/2019;RUA MINASGAS 32, BETANIA;OESTE;2019;POINT (-43.9358914068673 -19.9150417081191)
SGO;2019-02-20 05:45:57;FEVEREIRO/2019;01/2019;AVENIDA PRESIDENTE ANTONIO CARLOS 3844, SAO FRANCISCO;PAMPULHA;2019;POINT (-43.9820591035322 -19.9494350511009)
SGO;2019-02-20 05:48:09;FEVEREIRO/2019;01/2019;AVENIDA PRESIDENTE ANTONIO CARLOS 3641, CACHOEIRINHA;NORDESTE;2019;POINT (-43.94816448 -19.93277499)
SGO;2019-02-20 06:43:46;FEVEREIRO/2019;01/2019;AVENIDA PRESIDENTE ANTONIO CARLOS 7400, SAO LUIZ;PAMPULHA;2019;POINT (-43.9496071 -19.92781683)
SGO;2019-02-20 07:45:52;FEVEREIRO/2019;01/2019;AVENIDA PORTUGAL 3502, SANTA BRANCA;PAMPULHA;2019;POINT (-44.00377539 -19.94265306)
SGO;2019-02-20 17:42:27;FEVEREIRO/2019;01/2019;AVENIDA ANTONIO ABRAHAO CARAM 60, SAO JOSE;PAMPULHA;2019;POINT (-43.94142419 -19.92815041)
SGO;2019-02-21 03:46:09;FEVEREIRO/2019;01/2019;AVENIDA PRESIDENTE ANTONIO CARLOS 3860, SAO FRANCISCO;PAMPULHA;2019;POINT (-43.9445061303301 -19.9348932172209)
SGO;2019-02-21 08:33:34;FEVEREIRO/2019;01/2019;AVENIDA PORTUGAL 4020, SANTA BRANCA;PAMPULHA;2019;POINT (-43.9782856841408 -19.8127127078441)
SGO;2019-02-21 17:40:33;FEVEREIRO/2019;01/2019;AVENIDA PORTUGAL 3753, SANTA BRANCA;PAMPULHA;2019;POINT (-43.98296733 -19.94962391)
SGO;2019-02-22 19:27:35;FEVEREIRO/2019;01/2019;AVENIDA JOAO PINHEIRO 330, CENTRO;CENTRO-SUL;2019;POINT (-43.92063879 -19.89115261)
SGO;2019-02-23 07:42:13;FEVEREIRO/2019;01/2019;AVENIDA PORTUGAL 3502, SANTA BRANCA;PAMPULHA;2019;POINT (-43.94972079 -19.91814266)
SGO;2019-02-24 06:33:18;FEVEREIRO/2019;01/2019;AVENIDA DO CONTORNO 7344, LOURDES;CENTRO-SUL;2019;POINT (-43.9306278194419 -19.9048702661219)
SGO;2019-02-24 21:02:44;FEVEREIRO/2019;01/2019;AVENIDA AFONSO PENA 1700, CENTRO;CENTRO-SUL;2019;POINT (-43.94142419 -19.92815041)
SGO;2019-02-25 05:29:21;FEVEREIRO/2019;01/2019;AVENIDA CRISTIANO MACHADO 640, SAGRADA FAMILIA;LESTE;2019;POINT (-43.9580971961868 -19.9238852380053)
SGO;2019-02-25 05:54:02;FEVEREIRO/2019;01/2019;AVENIDA AFONSO VAZ DE MELO 1730, ATILA DE PAIVA;BARREIRO;2019;POINT (-43.9848443522775 -19.906434844782)
SGO;2019-02-25 07:26:26;FEVEREIRO/2019;01/2019;RUA JACUI 1423, CONCORDIA;NORDESTE;2019;POINT (-43.98566578 -19.93170902)
SGO;2019-02-25 15:30:18;FEVEREIRO/2019;01/2019;AVENIDA DOS BANDEIRANTES 1299, ANCHIETA;CENTRO-SUL;2019;POINT (-43.91234528 -19.90772195)
SGO;2019-02-26 10:28:45;FEVEREIRO/2019;01/2019;AVENIDA PRESIDENTE ANTONIO CARLOS 4175, INDAIA;PAMPULHA;2019;POINT (-43.945186241045 -19.9130436543299)
SGO;2019-02-27 02:18:18;FEVEREIRO/2019;01/2019;RUA SANTA CATARINA 1595, LOURDES;CENTRO-SUL;2019;POINT (-43.9489259064554 -19.9246652477106)
SGO;2019-02-27 12:28:56;FEVEREIRO/2019;01/2019;RUA IZABEL BUENO 967, JARDIM ATLANTICO;PAMPULHA;2019;POINT (-43.944429023488 -19.908531069854)
SGO;2019-02-27 18:15:43;FEVEREIRO/2019;01/2019;AVENIDA PORTUGAL 4020, SANTA BRANCA;PAMPULHA;2019;POINT (-43.9299468024304 -19.9193119879356)
SGO;2019-02-28 07:44:33;FEVEREIRO/2019;01/2019;RUA IZABEL BUENO 970, SANTA ROSA;PAMPULHA;2019;POINT (-43.91051776 -19.91780135)
SGO;2019-02-28 09:49:17;FEVEREIRO/2019;01/2019;RUA IZABEL BUENO 598, INDAIA;PAMPULHA;2019;POINT (-43.98405934 -19.92557271)
SGO;2019-02-28 15:44:09;FEVEREIRO/2019;01/2019;RUA JOSAFA BELO 440, CIDADE JARDIM;CENTRO-SUL;2019;POINT (-43.94195061 -19.92333934)
SGO;2019-03-01 03:43:24;MARCO/2019;01/2019;RUA DOUTOR ALVARO CAMARGOS 156, VENDA NOVA;VENDA NOVA;2019;POINT (-43.94304187 -19.91922717)
SGO;2019-03-01 06:09:44;MARCO/2019;01/2019;AVENIDA DOM PEDRO I 1743, ITAPOA;PAMPULHA;2019;POINT (-43.935859105266 -19.9261910888159)
SGO;2019-03-01 06:57:19;MARCO/2019;01/2019;AVENIDA VILARINHO 409, VILA CLORIS;NORTE;2019;POINT (-43.9245561589207 -19.9064805212437)
SGO;2019-03-02 08:09:41;MARCO/2019;01/2019;AVENIDA DOM PEDRO I 1130, ITAPOA;PAMPULHA;2019;POINT (-43.9457211975004 -19.9188990596381)
SGO;2019-03-04 05:30:41;MARCO/2019;01/2019;RUA CABO VALERIO 299, ATILA DE PAIVA;BARREIRO;2019;POINT (-43.97196318 -19.92779795)
SGO;2019-03-04 09:04:10;MARCO/2019;01/2019;RUA FELIPE DOS SANTOS 484, LOURDES;CENTRO-SUL;2019;POINT (-43.92566298 -19.91138089)
SGO;2019-03-04 19:48:25;MARCO/2019;01/2019;AVENIDA JOAO SAMAHA 270, SAO JOAO BATISTA;VENDA NOVA;2019;POINT (-43.98405934 -19.92557271)
SGO;2019-03-05 05:34:37;MARCO/2019;01/2019;AVENIDA CRISTIANO MACHADO 7800, PRIMEIRO DE MAIO;NORTE;2019;POINT (-43.94383171 -19.91497778)
SGO;2019-03-05 14:20:17;MARCO/2019;01/2019;RUA DOS TUPIS 1326, BARRO PRETO;CENTRO-SUL;2019;POINT (-43.97196318 -19.92779795)
SGO;2019-03-05 16:06:03;MARCO/2019;01/2019;AVENIDA JOAO SAMAHA 270, SAO JOAO BATISTA;VENDA NOVA;2019;POINT (-43.9368974 -19.90590146)
SGO;2019-03-06 08:24:53;MARCO/2019;01/2019;RUA CONSELHEIRO GALVAO 9, SANTA ROSA;PAMPULHA;2019;POINT (-43.98405934 -19.92557271)
SGO;2019-03-08 08:11:15;MARCO/2019;01/2019;AVENIDA PRESIDENTE ANTONIO CARLOS 2710, APARECIDA;NOROESTE;2019;POINT (-43.96928038 -19.94767834)
SGO;2019-03-09 06:03:16;MARCO/2019;01/2019;AVENIDA PRESIDENTE ANTONIO CARLOS 8100, SAO LUIZ;PAMPULHA;2019;POINT (-43.92700238 -19.86502424)
SGO;2019-03-10 07:49:40;MARCO/2019;01/2019;RUA JOSE CLETO 795, SANTA CRUZ;NORDESTE;2019;POINT (-43.97196318 -19.92779795)
SGO;2019-03-10 16:25:19;MARCO/2019;01/2019;RUA FORMIGA 496, LAGOINHA;NORDESTE;2019;POINT (-43.92716492 -19.86452141)
SGO;2019-03-10 21:26:02;MARCO/2019;01/2019;AVENIDA AFONSO VAZ DE MELO 1730, ATILA DE PAIVA;BARREIRO;2019;POINT (-43.92198358 -19.85207471)
SGO;2019-03-12 18:34:56;MARCO/2019;01/2019;AVENIDA PRUDENTE DE MORAES 520, CIDADE JARDIM;CENTRO-SUL;2019;POINT (-43.9368974 -19.90590146)
SGO;2019-03-18 05:26:51;MARCO/2019;01/2019;AVENIDA BARAO HOMEM DE MELO 1206, JARDIM AMERICA;OESTE;2019;POINT (-43.92365782 -19.93159198)
SGO;2019-03-20 05:39:00;MARCO/2019;01/2019;AVENIDA CRISTIANO MACHADO 5600, SAO GABRIEL;NORDESTE;2019;POINT (-43.91795781 -19.91152804)
SGO;2019-03-20 05:41:00;MARCO/2019;01/2019;AVENIDA CRISTIANO MACHADO 640, SAGRADA FAMILIA;LESTE;2019;POINT (-43.92365782 -19.93159198)
SGO;2019-03-20 09:01:00;MARCO/2019;01/2019;RUA JACUI 1466, GRACA;NORDESTE;2019;POINT (-43.9241510156081 -19.9311142792886)
SGO;2019-03-21 06:56:00;MARCO/2019;01/2019;AVENIDA AMAZONAS 3667, NOVA SUISSA;OESTE;2019;POINT (-43.97196318 -19.92779795)
SGO;2019-03-23 06:20:00;MARCO/2019;01/2019;AVENIDA CRISTIANO MACHADO 5600, SAO GABRIEL;NORDESTE;2019;POINT (-43.92365782 -19.93159198)
SGO;2019-03-23 09:25:00;MARCO/2019;01/2019;AVENIDA AMAZONAS 7055, GAMELEIRA;OESTE;2019;POINT (-43.92716492 -19.86452141)
SGO;2019-03-25 05:46:00;MARCO/2019;01/2019;AVENIDA PRESIDENTE ANTONIO CARLOS 6250, INDAIA;PAMPULHA;2019;POINT (-43.94208955 -19.92803757)
SGO;2019-03-25 08:30:00;MARCO/2019;01/2019;RUA JACUI 1423, CONCORDIA;NORDESTE;2019;POINT (-43.93553307 -19.91951292)
SGO;2019-03-26 03:52:00;MARCO/2019;01/2019;AVENIDA SILVA LOBO 492, PRADO;OESTE;2019;POINT (-43.93480106 -19.91907907)
SGO;2019-03-26 05:42:00;MARCO/2019;01/2019;AVENIDA SILVA LOBO 519, PRADO;OESTE;2019;POINT (-43.94005987 -19.93022411)
SGO;2019-03-27 05:44:00;MARCO/2019;01/2019;AVENIDA PRESIDENTE ANTONIO CARLOS 4175, SAO FRANCISCO;PAMPULHA;2019;POINT (-43.9346466533106 -19.9184681865051)
SGO;2019-03-27 12:39:00;MARCO/2019;01/2019;AVENIDA PORTUGAL 4075, ITAPOA;PAMPULHA;2019;POINT (-43.96784278 -19.92167749)
SGO;2019-03-31 06:31:00;MARCO/2019;01/2019;AVENIDA AMAZONAS 4593, NOVA SUISSA;OESTE;2019;POINT (-43.9422395000925 -19.9278198409755)
SGO;2019-03-31 06:50:00;MARCO/2019;01/2019;AVENIDA PRESIDENTE ANTONIO CARLOS 4013, SAO FRANCISCO;PAMPULHA;2019;POINT (-43.9678427769582 -19.9216774872094)
SGO;2019-04-05 00:30:34;ABRIL/2019;02/2019;AVENIDA PRESIDENTE ANTONIO CARLOS 4211, INDAIA;PAMPULHA;2019;POINT (-43.94005987 -19.93022411)
SGO;2019-04-05 08:52:20;ABRIL/2019;02/2019;RUA MARIA MOREIRA REIS 17, ITAPOA;PAMPULHA;2019;POINT (-43.9400598669734 -19.9302241134234)
SGO;2019-04-06 15:30:37;ABRIL/2019;02/2019;AVENIDA PRESIDENTE ANTONIO CARLOS 3550, CACHOEIRINHA;NORDESTE;2019;POINT (-43.94208955 -19.92803757)
SGO;2019-04-08 07:24:18;ABRIL/2019;02/2019;AVENIDA PRESIDENTE ANTONIO CARLOS 4211, INDAIA;PAMPULHA;2019;POINT (-43.9232303802748 -19.9301794030714)
SGO;2019-04-08 07:41:58;ABRIL/2019;02/2019;AVENIDA PRESIDENTE ANTONIO CARLOS 3550, CACHOEIRINHA;NORDESTE;2019;POINT (-43.92716492 -19.86452141)
SGO;2019-04-10 06:59:33;ABRIL/2019;02/2019;AVENIDA PRESIDENTE ANTONIO CARLOS 3550, CACHOEIRINHA;NORDESTE;2019;POINT (-43.92931299 -19.92094002)
SGO;2019-04-10 07:06:39;ABRIL/2019;02/2019;AVENIDA PRESIDENTE ANTONIO CARLOS 1024, VILA SANTO ANTONIO;PAMPULHA;2019;POINT (-43.93139615 -19.92184391)
SGO;2019-04-10 08:17:54;ABRIL/2019;02/2019;AVENIDA AMAZONAS 3933, ALTO BARROCA;OESTE;2019;POINT (-43.9398670953326 -19.9303759053741)
SGO;2019-04-11 05:35:27;ABRIL/2019;02/2019;AVENIDA PRESIDENTE ANTONIO CARLOS 4211, INDAIA;PAMPULHA;2019;POINT (-43.92275463 -19.93066434)
SGO;2019-04-12 01:26:07;ABRIL/2019;02/2019;RUA ITAPECERICA 592, LAGOINHA;NOROESTE;2019;POINT (-43.94208955 -19.92803757)
SGO;2019-04-12 08:27:36;ABRIL/2019;02/2019;AVENIDA PRESIDENTE ANTONIO CARLOS 3550, CACHOEIRINHA;NORDESTE;2019;POINT (-43.9317246141845 -19.9218626888016)
SGO;2019-04-13 06:33:17;ABRIL/2019;02/2019;AVENIDA CRISTIANO MACHADO 4001, IPIRANGA;NORDESTE;2019;POINT (-43.9417846291294 -19.9285626008114)
SGO;2019-04-14 06:36:37;ABRIL/2019;02/2019;AVENIDA CRISTIANO MACHADO 4001, IPIRANGA;NORDESTE;2019;POINT (-43.9398671 -19.9303759)
SGO;2019-04-17 17:24:37;ABRIL/2019;02/2019;AVENIDA CRISTIANO MACHADO 496, CONCORDIA;NORDESTE;2019;POINT (-43.9286663153606 -19.9214925121244)
SGO;2019-04-18 06:55:02;ABRIL/2019;02/2019;AVENIDA TERESA CRISTINA 9910, BETANIA;OESTE;2019;POINT (-43.9226806048254 -19.9297880722817)
SGO;2019-04-20 06:22:14;ABRIL/2019;02/2019;AVENIDA CRISTIANO MACHADO 4001, IPIRANGA;NORDESTE;2019;POINT (-43.9231991719448 -19.9304251122605)
SGO;2019-04-22 06:01:11;ABRIL/2019;02/2019;AVENIDA CRISTIANO MACHADO 5600, SAO GABRIEL;NORDESTE;2019;POINT (-43.94072653 -19.92109665)
SGO;2019-04-22 09:14:45;ABRIL/2019;02/2019;AVENIDA AMAZONAS 3767, ALTO BARROCA;OESTE;2019;POINT (-43.92319917 -19.93042511)
SGO;2019-04-23 06:23:36;ABRIL/2019;02/2019;AVENIDA JOAO PINHEIRO 244, LOURDES;CENTRO-SUL;2019;POINT (-43.94196842 -19.92846884)
SGO;2019-04-23 08:02:36;ABRIL/2019;02/2019;AVENIDA AMAZONAS 3778, PRADO;OESTE;2019;POINT (-43.94058811 -19.93056684)
SGO;2019-04-24 13:59:27;ABRIL/2019;02/2019;AVENIDA PRESIDENTE ANTONIO CARLOS 6627, INDAIA;PAMPULHA;2019;POINT (-43.9434915 -19.91455894)
SGO;2019-04-24 22:51:17;ABRIL/2019;02/2019;AVENIDA DOM PEDRO I 1515, ITAPOA;PAMPULHA;2019;POINT (-43.94208955 -19.92803757)
SGO;2019-04-25 07:02:42;ABRIL/2019;02/2019;AVENIDA PRESIDENTE ANTONIO CARLOS 3800, SAO FRANCISCO;PAMPULHA;2019;POINT (-43.9198336344128 -19.925289673416)
SGO;2019-04-25 07:03:45;ABRIL/2019;02/2019;AVENIDA PRESIDENTE ANTONIO CARLOS 7596, SAO LUIZ;PAMPULHA;2019;POINT (-43.9276124 -19.92087946)
SGO;2019-04-26 07:53:27;ABRIL/2019;02/2019;AVENIDA PRESIDENTE ANTONIO CARLOS 3550, CACHOEIRINHA;NORDESTE;2019;POINT (-43.92716492 -19.86452141)
SGO;2019-04-27 09:13:32;ABRIL/2019;02/2019;AVENIDA PRESIDENTE ANTONIO CARLOS 8100, SAO LUIZ;PAMPULHA;2019;POINT (-43.91879443 -19.92319189)
SGO;2019-05-02 00:45:42;MAIO/2019;02/2019;AVENIDA DOM PEDRO II 478, BONFIM;NOROESTE;2019;POINT (-43.92672689 -19.90962997)
SGO;2019-05-02 05:38:25;MAIO/2019;02/2019;AVENIDA SILVA LOBO 295, CALAFATE;OESTE;2019;POINT (-43.92316977492 -19.9302871696729)
SGO;2019-05-02 06:20:14;MAIO/2019;02/2019;AVENIDA DO CONTORNO 9969, PRADO;OESTE;2019;POINT (-43.91906374 -19.92524861)
SGO;2019-05-03 05:59:37;MAIO/2019;02/2019;AVENIDA PRESIDENTE TANCREDO NEVES 1867, JARDIM ALVORADA;PAMPULHA;2019;POINT (-43.9422106 -19.92814976)
SGO;2019-05-04 05:46:44;MAIO/2019;02/2019;AVENIDA CRISTIANO MACHADO 5600, SAO GABRIEL;NORDESTE;2019;POINT (-43.9390008639498 -19.9322413587591)
SGO;2019-05-04 08:59:31;MAIO/2019;02/2019;AVENIDA PRESIDENTE ANTONIO CARLOS 1686, CACHOEIRINHA;NORDESTE;2019;POINT (-43.9304250407726 -19.9398339433505)
SGO;2019-05-06 10:05:58;MAIO/2019;02/2019;AVENIDA AMAZONAS 3767, ALTO BARROCA;OESTE;2019;POINT (-43.932246946136 -19.9096301922506)
SGO;2019-05-09 05:14:39;MAIO/2019;02/2019;AVENIDA DOM PEDRO I 527, SANTA BRANCA;PAMPULHA;2019;POINT (-43.93219718 -19.90965829)
SGO;2019-05-11 02:33:07;MAIO/2019;02/2019;AVENIDA CRISTIANO MACHADO 8665, DONA CLARA;PAMPULHA;2019;POINT (-43.9356869 -19.93176705)
SGO;2019-05-11 06:18:52;MAIO/2019;02/2019;AVENIDA DOM PEDRO I 527, SANTA BRANCA;PAMPULHA;2019;POINT (-43.93896509 -19.93239625)
SGO;2019-05-14 06:20:41;MAIO/2019;02/2019;RUA GONCALVES DIAS 1376, SANTO AGOSTINHO;CENTRO-SUL;2019;POINT (-43.93914441 -19.93972208)
SGO;2019-05-14 07:09:30;MAIO/2019;02/2019;AVENIDA DOM PEDRO I 527, SANTA BRANCA;PAMPULHA;2019;POINT (-43.94596601 -19.9201797)
SGO;2019-05-14 07:14:53;MAIO/2019;02/2019;RUA JACUI 2665, NOVA FLORESTA;NORDESTE;2019;POINT (-43.92329907 -19.93055363)
SGO;2019-05-14 07:16:40;MAIO/2019;02/2019;RUA JACUI 2765, RENASCENCA;NORDESTE;2019;POINT (-43.95553331 -19.91854295)
SGO;2019-05-14 07:18:58;MAIO/2019;02/2019;AVENIDA TERESA CRISTINA 1685, CALAFATE;OESTE;2019;POINT (-43.9379771115627 -19.9161332876295)
SGO;2019-05-14 08:22:49;MAIO/2019;02/2019;RUA JACUI 2665, NOVA FLORESTA;NORDESTE;2019;POINT (-43.9356868969714 -19.9317670527115)
SGO;2019-05-15 17:43:35;MAIO/2019;02/2019;AVENIDA AMAZONAS 3900, PRADO;OESTE;2019;POINT (-43.93285815 -19.92780098)
SGO;2019-05-16 05:11:42;MAIO/2019;02/2019;AVENIDA CRISTIANO MACHADO 8665, DONA CLARA;PAMPULHA;2019;POINT (-43.93896509 -19.93239625)
SGO;2019-05-17 05:47:21;MAIO/2019;02/2019;RUA RIO GRANDE DO SUL 1376, SANTO AGOSTINHO;CENTRO-SUL;2019;POINT (-43.93896509 -19.93239625)
SGO;2019-05-21 05:48:36;MAIO/2019;02/2019;RUA SAO PAULO 1850, CENTRO;CENTRO-SUL;2019;POINT (-43.93530763 -19.9315084)
SGO;2019-05-23 05:25:14;MAIO/2019;02/2019;AVENIDA CRISTIANO MACHADO 640, SAGRADA FAMILIA;LESTE;2019;POINT (-43.93136687 -19.93020412)
SGO;2019-05-25 07:54:12;MAIO/2019;02/2019;RUA PITANGUI 424, SAO CRISTOVAO;NORDESTE;2019;POINT (-43.9356869 -19.93176705)
SGO;2019-05-30 11:59:03;MAIO/2019;02/2019;RUA FLOR DAS PEDRAS 409, JARDIM ALVORADA;PAMPULHA;2019;POINT (-43.95446346 -19.91817766)
SGO;2019-05-30 15:26:45;MAIO/2019;02/2019;AVENIDA CRISTIANO MACHADO 327, CONCORDIA;NORDESTE;2019;POINT (-43.9699896 -19.92144711)
SGO;2019-06-04 05:52:59;JUNHO/2019;02/2019;AVENIDA AMAZONAS 3802, PRADO;OESTE;2019;POINT (-43.95398323 -19.92305228)
SGO;2019-06-07 08:06:57;JUNHO/2019;02/2019;AVENIDA PRESIDENTE ANTONIO CARLOS 3730, SAO FRANCISCO;PAMPULHA;2019;POINT (-43.95600342 -19.93156615)
SGO;2019-06-09 06:46:38;JUNHO/2019;02/2019;RUA SAO PAULO 1906, LOURDES;CENTRO-SUL;2019;POINT (-43.9539832310342 -19.9230522807638)
SGO;2019-06-11 07:53:02;JUNHO/2019;02/2019;AVENIDA TERESA CRISTINA 444, CARLOS PRATES;NOROESTE;2019;POINT (-43.95726714 -19.91955209)
SGO;2019-06-12 07:58:16;JUNHO/2019;02/2019;AVENIDA PRESIDENTE ANTONIO CARLOS 3730, SAO FRANCISCO;PAMPULHA;2019;POINT (-43.9560270055596 -19.931568943031)
SGO;2019-06-13 06:20:39;JUNHO/2019;02/2019;AVENIDA DOM PEDRO I 527, SANTA BRANCA;PAMPULHA;2019;POINT (-43.9565236514107 -19.9197715923754)
SGO;2019-06-14 12:01:27;JUNHO/2019;02/2019;AVENIDA PRESIDENTE ANTONIO CARLOS 1694, CACHOEIRINHA;NORDESTE;2019;POINT (-43.95134028 -19.93136877)
SGO;2019-06-15 08:21:23;JUNHO/2019;02/2019;AVENIDA PRESIDENTE ANTONIO CARLOS 3275, NOVA CACHOEIRINHA;NOROESTE;2019;POINT (-43.9475912177824 -19.9192106927288)
SGO;2019-06-15 10:54:16;JUNHO/2019;02/2019;AVENIDA PRESIDENTE ANTONIO CARLOS 3550, CACHOEIRINHA;NORDESTE;2019;POINT (-43.94899304 -19.9529245)
SGO;2019-06-17 09:13:13;JUNHO/2019;02/2019;AVENIDA PRESIDENTE ANTONIO CARLOS 2850, CACHOEIRINHA;NORDESTE;2019;POINT (-43.95446346 -19.91817766)
SGO;2019-06-17 10:22:14;JUNHO/2019;02/2019;AVENIDA PRESIDENTE ANTONIO CARLOS 3550, CACHOEIRINHA;NORDESTE;2019;POINT (-44.0051332642436 -19.9463271699153)
SGO;2019-06-18 16:51:42;JUNHO/2019;02/2019;RUA SAO PAULO 1875, CENTRO;CENTRO-SUL;2019;POINT (-43.93653629 -19.93398859)
SGO;2019-06-19 08:11:26;JUNHO/2019;02/2019;AVENIDA PRESIDENTE ANTONIO CARLOS 3191, NOVA CACHOEIRINHA;NOROESTE;2019;POINT (-43.95855245 -19.92641322)
SGO;2019-06-19 08:32:49;JUNHO/2019;02/2019;AVENIDA AMAZONAS 4567, NOVA SUISSA;OESTE;2019;POINT (-43.92225343 -19.92430526)
SGO;2019-06-19 11:14:52;JUNHO/2019;02/2019;AVENIDA PRESIDENTE ANTONIO CARLOS 2850, CACHOEIRINHA;NORDESTE;2019;POINT (-43.93136687 -19.93020412)
SGO;2019-06-19 13:24:05;JUNHO/2019;02/2019;AVENIDA RAJA GABAGLIA 501, CIDADE JARDIM;CENTRO-SUL;2019;POINT (-43.92425496 -19.92854906)
SGO;2019-06-20 06:16:39;JUNHO/2019;02/2019;AVENIDA PRESIDENTE ANTONIO CARLOS 3191, NOVA CACHOEIRINHA;NOROESTE;2019;POINT (-43.95446346 -19.91817766)
SGO;2019-06-20 09:39:27;JUNHO/2019;02/2019;AVENIDA PRESIDENTE ANTONIO CARLOS 1675, APARECIDA;NOROESTE;2019;POINT (-43.98569532 -19.92321554)
SGO;2019-06-21 06:07:23;JUNHO/2019;02/2019;AVENIDA PRESIDENTE ANTONIO CARLOS 3265, NOVA CACHOEIRINHA;NOROESTE;2019;POINT (-43.92508434 -19.93369192)
SGO;2019-06-23 08:53:02;JUNHO/2019;02/2019;RUA SANTA CATARINA 1367, LOURDES;CENTRO-SUL;2019;POINT (-43.92508434 -19.93369192)
SGO;2019-06-27 00:32:41;JUNHO/2019;02/2019;AVENIDA PRESIDENTE ANTONIO CARLOS 8200, SAO LUIZ;PAMPULHA;2019;POINT (-43.92508434 -19.93369192)
SGO;2019-06-27 09:04:30;JUNHO/2019;02/2019;AVENIDA PORTUGAL 75, JARDIM ATLANTICO;PAMPULHA;2019;POINT (-43.94433326 -19.92922566)
SGO;2019-06-28 05:42:18;JUNHO/2019;02/2019;AVENIDA PRESIDENTE ANTONIO CARLOS 4200, SAO LUIZ;PAMPULHA;2019;POINT (-43.95781758 -19.92839509)
SGO;2019-07-02 06:48:06;JULHO/2019;03/2019;AVENIDA PRESIDENTE ANTONIO CARLOS 4211, SAO FRANCISCO;PAMPULHA;2019;POINT (-43.92905762 -19.87652887)
SGO;2019-07-03 06:16:06;JULHO/2019;03/2019;AVENIDA PRESIDENTE ANTONIO CARLOS 1694, CACHOEIRINHA;NORDESTE;2019;POINT (-43.9578812482569 -19.928237459317)
SGO;2019-07-03 10:13:00;JULHO/2019;03/2019;AVENIDA PRESIDENTE ANTONIO CARLOS 3860, SAO FRANCISCO;PAMPULHA;2019;POINT (-43.95781758 -19.92839509)
SGO;2019-07-04 07:48:32;JULHO/2019;03/2019;AVENIDA AUGUSTO DE LIMA 1600, BARRO PRETO;CENTRO-SUL;2019;POINT (-43.92508434 -19.93369192)
SGO;2019-07-05 06:23:43;JULHO/2019;03/2019;AVENIDA PRESIDENTE ANTONIO CARLOS 3860, SAO FRANCISCO;PAMPULHA;2019;POINT (-43.93901233 -19.93970386)
SGO;2019-07-05 06:30:24;JULHO/2019;03/2019;AVENIDA ALVARES CABRAL 917, LOURDES;CENTRO-SUL;2019;POINT (-43.9576857369376 -19.925950215278)
SGO;2019-07-05 06:46:16;JULHO/2019;03/2019;AVENIDA PRESIDENTE ANTONIO CARLOS 4211, SAO FRANCISCO;PAMPULHA;2019;POINT (-43.94382531 -19.91687291)
SGO;2019-07-05 09:54:08;JULHO/2019;03/2019;AVENIDA PRESIDENTE ANTONIO CARLOS 3700, CACHOEIRINHA;NORDESTE;2019;POINT (-43.9216953286046 -19.9244245499169)
SGO;2019-07-07 00:09:06;JULHO/2019;03/2019;AVENIDA PRESIDENTE ANTONIO CARLOS 880, APARECIDA;NOROESTE;2019;POINT (-43.92169533 -19.92442455)
SGO;2019-07-07 06:58:01;JULHO/2019;03/2019;AVENIDA PRESIDENTE ANTONIO CARLOS 1197, SAO CRISTOVAO;NORDESTE;2019;POINT (-43.94453203 -19.92202862)
SGO;2019-07-07 10:41:03;JULHO/2019;03/2019;AVENIDA AMAZONAS 3897, ALTO BARROCA;OESTE;2019;POINT (-43.99991095 -19.80269754)
SGO;2019-07-07 10:41:54;JULHO/2019;03/2019;AVENIDA AMAZONAS 3777, ALTO BARROCA;OESTE;2019;POINT (-43.9362047942705 -19.9236369476952)
SGO;2019-07-08 07:10:16;JULHO/2019;03/2019;AVENIDA PRESIDENTE ANTONIO CARLOS 1197, SAO CRISTOVAO;NORDESTE;2019;POINT (-43.93586309 -19.92415976)
SGO;2019-07-08 07:45:59;JULHO/2019;03/2019;AVENIDA PRESIDENTE ANTONIO CARLOS 3860, SAO FRANCISCO;PAMPULHA;2019;POINT (-43.93136687 -19.93020412)
SGO;2019-07-10 05:52:32;JULHO/2019;03/2019;AVENIDA PRESIDENTE ANTONIO CARLOS 3700, CACHOEIRINHA;NORDESTE;2019;POINT (-43.92503401 -19.9358215)
SGO;2019-07-10 05:54:13;JULHO/2019;03/2019;RUA SANTA CATARINA 1558, LOURDES;CENTRO-SUL;2019;POINT (-43.93730467 -19.92172241)
SGO;2019-07-10 06:01:25;JULHO/2019;03/2019;AVENIDA PRESIDENTE ANTONIO CARLOS 4070, SAO FRANCISCO;PAMPULHA;2019;POINT (-43.9356640023078 -19.9249385412952)
SGO;2019-07-10 09:05:46;JULHO/2019;03/2019;AVENIDA PRESIDENTE ANTONIO CARLOS 3860, SAO FRANCISCO;PAMPULHA;2019;POINT (-43.93586309 -19.92415976)
SGO;2019-07-10 09:13:03;JULHO/2019;03/2019;AVENIDA AUGUSTO DE LIMA 1600, BARRO PRETO;CENTRO-SUL;2019;POINT (-43.92273499 -19.92282095)
SGO;2019-07-10 18:53:14;JULHO/2019;03/2019;AVENIDA MARECHAL ESPERIDIAO ROSAS 43, SAO FRANCISCO;PAMPULHA;2019;POINT (-43.92483764 -19.93507042)
SGO;2019-07-11 22:15:49;JULHO/2019;03/2019;AVENIDA PRESIDENTE ANTONIO CARLOS 880, APARECIDA;NOROESTE;2019;POINT (-43.9527916 -19.92494227)
SGO;2019-07-12 05:44:57;JULHO/2019;03/2019;AVENIDA PRESIDENTE ANTONIO CARLOS 4211, SAO FRANCISCO;PAMPULHA;2019;POINT (-43.92425496 -19.92854906)
SGO;2019-07-13 06:17:54;JULHO/2019;03/2019;AVENIDA PRESIDENTE ANTONIO CARLOS 521, LAGOINHA;NORDESTE;2019;POINT (-43.9527916 -19.92494227)
SGO;2019-07-13 08:41:45;JULHO/2019;03/2019;AVENIDA PRESIDENTE CARLOS LUZ 2263, CAICARAS;NOROESTE;2019;POINT (-43.9524155896599 -19.9234457769183)
SGO;2019-07-14 09:45:06;JULHO/2019;03/2019;AVENIDA PRESIDENTE CARLOS LUZ 2263, CAICARAS;NOROESTE;2019;POINT (-43.9414879118635 -19.9282421740814)
SGO;2019-07-15 20:07:26;JULHO/2019;03/2019;AVENIDA PRESIDENTE ANTONIO CARLOS 521, LAGOINHA;NORDESTE;2019;POINT (-43.92518037 -19.93644291)
SGO;2019-07-16 05:49:24;JULHO/2019;03/2019;AVENIDA BARBACENA 139, BARRO PRETO;CENTRO-SUL;2019;POINT (-43.92483764 -19.93507042)
SGO;2019-07-17 02:20:13;JULHO/2019;03/2019;AVENIDA SILVA LOBO 707, PRADO;OESTE;2019;POINT (-43.9250340109303 -19.9358215019293)
SGO;2019-07-18 07:48:54;JULHO/2019;03/2019;RUA PLATINA 1328, CALAFATE;OESTE;2019;POINT (-43.9539832310342 -19.9230522807638)
SGO;2019-07-23 05:45:33;JULHO/2019;03/2019;AVENIDA SILVA LOBO 520, PRADO;OESTE;2019;POINT (-43.95398323 -19.92305228)
SGO;2019-07-23 05:46:43;JULHO/2019;03/2019;AVENIDA RAJA GABAGLIA 475, CIDADE JARDIM;CENTRO-SUL;2019;POINT (-43.9292763 -19.9133812)
SGO;2019-07-25 20:04:23;JULHO/2019;03/2019;RUA PAULO DE FRONTIM 25, CENTRO;CENTRO-SUL;2019;POINT (-43.9326513344005 -19.9300786853207)
SGO;2019-07-27 08:11:10;JULHO/2019;03/2019;AVENIDA AMAZONAS 3826, PRADO;OESTE;2019;POINT (-43.93136687 -19.93020412)
SGO;2019-07-29 16:32:35;JULHO/2019;03/2019;AVENIDA ALVARES CABRAL 1411, LOURDES;CENTRO-SUL;2019;POINT (-43.9344504165452 -19.9346636348212)
SGO;2019-07-31 05:44:04;JULHO/2019;03/2019;AVENIDA SILVA LOBO 520, PRADO;OESTE;2019;POINT (-43.9369653 -19.9337218)
SGO;2019-08-07 07:50:25;AGOSTO/2019;03/2019;RUA DOS TIMBIRAS 2823, BARRO PRETO;CENTRO-SUL;2019;POINT (-44.006846 -19.9926948)
SGO;2019-08-09 05:53:01;AGOSTO/2019;03/2019;AVENIDA PRESIDENTE ANTONIO CARLOS 1800, CACHOEIRINHA;NORDESTE;2019;POINT (-43.9457255635742 -19.9214177067706)
SGO;2019-08-09 06:00:10;AGOSTO/2019;03/2019;RUA SAO PAULO 2280, LOURDES;CENTRO-SUL;2019;POINT (-43.9398670953326 -19.9303759053741)
SGO;2019-08-09 06:35:21;AGOSTO/2019;03/2019;AVENIDA PRESIDENTE ANTONIO CARLOS 1966, CACHOEIRINHA;NORDESTE;2019;POINT (-43.9400599 -19.9302241)
SGO;2019-08-10 10:07:28;AGOSTO/2019;03/2019;RUA DOS TIMBIRAS 2823, BARRO PRETO;CENTRO-SUL;2019;POINT (-43.9315357 -19.9293583)
SGO;2019-08-12 05:52:30;AGOSTO/2019;03/2019;AVENIDA OLEGARIO MACIEL 1669, LOURDES;CENTRO-SUL;2019;POINT (-43.9222534 -19.9243053)
SGO;2019-08-12 05:54:46;AGOSTO/2019;03/2019;RUA MARILIA DE DIRCEU 14, LOURDES;CENTRO-SUL;2019;POINT (-43.9365363 -19.9339886)
SGO;2019-08-14 05:44:33;AGOSTO/2019;03/2019;AVENIDA DO CONTORNO 615, CENTRO;CENTRO-SUL;2019;POINT (-43.9372525 -19.9321127)
SGO;2019-08-16 05:41:12;AGOSTO/2019;03/2019;AVENIDA BIAS FORTES 912, LOURDES;CENTRO-SUL;2019;POINT (-43.9369653317969 -19.9337218424894)
SGO;2019-08-16 07:43:47;AGOSTO/2019;03/2019;RUA SAO PAULO 1414, LOURDES;CENTRO-SUL;2019;POINT (-43.9369653 -19.9337218)
SGO;2019-08-17 05:05:29;AGOSTO/2019;03/2019;AVENIDA CRISTIANO MACHADO 640, SAGRADA FAMILIA;LESTE;2019;POINT (-43.9199192599901 -19.925590862687)
SGO;2019-08-17 09:44:37;AGOSTO/2019;03/2019;RUA SAO PAULO 2280, LOURDES;CENTRO-SUL;2019;POINT (-43.9193448 -19.9257605)
SGO;2019-08-17 09:44:46;AGOSTO/2019;03/2019;RUA SAO PAULO 2280, LOURDES;CENTRO-SUL;2019;POINT (-43.9372525 -19.9321127)
SGO;2019-08-22 05:40:09;AGOSTO/2019;03/2019;AVENIDA DO CONTORNO 615, CENTRO;CENTRO-SUL;2019;POINT (-43.9369653 -19.9337218)
SGO;2019-08-22 05:41:01;AGOSTO/2019;03/2019;RUA ARAGUARI 692, BARRO PRETO;CENTRO-SUL;2019;POINT (-43.9368563670526 -19.9336872236262)
SGO;2019-08-23 05:44:17;AGOSTO/2019;03/2019;AVENIDA DO CONTORNO 615, CENTRO;CENTRO-SUL;2019;POINT (-43.9372525 -19.9321127)
SGO;2019-08-26 05:47:22;AGOSTO/2019;03/2019;AVENIDA SILVA LOBO 567, PRADO;OESTE;2019;POINT (-43.9373348513362 -19.9326353937515)
SGO;2019-08-26 08:16:09;AGOSTO/2019;03/2019;AVENIDA VILARINHO 6200, MANTIQUEIRA;VENDA NOVA;2019;POINT (-43.9233411 -19.9231505)
SGO;2019-08-28 05:53:06;AGOSTO/2019;03/2019;RUA UBERABA 1, BARRO PRETO;CENTRO-SUL;2019;POINT (-43.9315493207167 -19.9139136795527)
SGO;2019-08-29 10:46:12;AGOSTO/2019;03/2019;AVENIDA NOSSA SENHORA DE FATIMA 3088, CARLOS PRATES;NOROESTE;2019;POINT (-43.9207538 -19.9284258)
SGO;2019-08-31 07:19:42;AGOSTO/2019;03/2019;AVENIDA DO CONTORNO 615, CENTRO;CENTRO-SUL;2019;POINT (-43.9246421 -19.9327561)
SGO;2019-09-01 06:39:53;SETEMBRO/2019;03/2019;RUA ARAGUARI 1194, SANTO AGOSTINHO;CENTRO-SUL;2019;POINT (-43.9484954 -19.9192129)
SGO;2019-09-02 05:45:02;SETEMBRO/2019;03/2019;AVENIDA OLEGARIO MACIEL 2190, SANTO AGOSTINHO;CENTRO-SUL;2019;POINT (-43.9328959 -19.9277031)
SGO;2019-09-03 05:50:38;SETEMBRO/2019;03/2019;AVENIDA OLEGARIO MACIEL 2190, SANTO AGOSTINHO;CENTRO-SUL;2019;POINT (-43.9243637 -19.9283788)
SGO;2019-09-05 05:45:05;SETEMBRO/2019;03/2019;RUA SAO PAULO 1409, LOURDES;CENTRO-SUL;2019;POINT (-43.950241 -19.9192282)
SGO;2019-09-05 05:46:00;SETEMBRO/2019;03/2019;AVENIDA OLEGARIO MACIEL 1669, LOURDES;CENTRO-SUL;2019;POINT (-43.9939713830696 -19.9576345944036)
SGO;2019-09-05 05:46:51;SETEMBRO/2019;03/2019;RUA ALVARENGA PEIXOTO 1251, SANTO AGOSTINHO;CENTRO-SUL;2019;POINT (-43.9483948 -19.9190462)
SGO;2019-09-10 05:44:34;SETEMBRO/2019;03/2019;AVENIDA OLEGARIO MACIEL 2190, SANTO AGOSTINHO;CENTRO-SUL;2019;POINT (-43.9359189719456 -19.9185759895482)
SGO;2019-09-13 05:39:02;SETEMBRO/2019;03/2019;AVENIDA BARBACENA 509, BARRO PRETO;CENTRO-SUL;2019;POINT (-43.94637873 -19.91995378)
SGO;2019-09-16 01:01:15;SETEMBRO/2019;03/2019;AVENIDA OLEGARIO MACIEL 2123, SANTO AGOSTINHO;CENTRO-SUL;2019;POINT (-43.93586905 -19.91863015)
SGO;2019-09-16 05:42:12;SETEMBRO/2019;03/2019;AVENIDA DO CONTORNO 6954, SANTO AGOSTINHO;CENTRO-SUL;2019;POINT (-43.9368243688319 -19.9138485055092)
SGO;2019-09-16 08:36:10;SETEMBRO/2019;03/2019;AVENIDA OLEGARIO MACIEL 2123, LOURDES;CENTRO-SUL;2019;POINT (-43.93682437 -19.91384851)
SGO;2019-09-18 05:38:00;SETEMBRO/2019;03/2019;RUA MARTIM DE CARVALHO 226, SANTO AGOSTINHO;CENTRO-SUL;2019;POINT (-43.92674474 -19.9372608)
SGO;2019-09-18 05:38:17;SETEMBRO/2019;03/2019;RUA MARTIM DE CARVALHO 226, SANTO AGOSTINHO;CENTRO-SUL;2019;POINT (-43.92518037 -19.93644291)
SGO;2019-09-18 08:31:00;SETEMBRO/2019;03/2019;RUA MARTIM DE CARVALHO 587, SANTO AGOSTINHO;CENTRO-SUL;2019;POINT (-43.92516869 -19.93347472)
SGO;2019-09-18 08:31:17;SETEMBRO/2019;03/2019;RUA MARTIM DE CARVALHO 635, SANTO AGOSTINHO;CENTRO-SUL;2019;POINT (-43.9187878 -19.92401726)
SGO;2019-09-19 06:20:00;SETEMBRO/2019;03/2019;AVENIDA DO CONTORNO 842, CENTRO;CENTRO-SUL;2019;POINT (-43.9198449 -19.92717755)
SGO;2019-09-21 07:32:00;SETEMBRO/2019;03/2019;AVENIDA AMAZONAS 3767, ALTO BARROCA;OESTE;2019;POINT (-43.9242478485266 -19.9277256777158)
SGO;2019-09-21 07:49:00;SETEMBRO/2019;03/2019;RUA JUIZ DE FORA 1285, SANTO AGOSTINHO;CENTRO-SUL;2019;POINT (-43.92215824 -19.92995555)
SGO;2019-09-21 09:07:00;SETEMBRO/2019;03/2019;AVENIDA DO CONTORNO 842, CENTRO;CENTRO-SUL;2019;POINT (-43.9226806048254 -19.9297880722817)
SGO;2019-09-23 05:47:00;SETEMBRO/2019;03/2019;AVENIDA DO CONTORNO 842, CENTRO;CENTRO-SUL;2019;POINT (-43.9342232 -19.92708557)
SGO;2019-09-25 09:50:00;SETEMBRO/2019;03/2019;AVENIDA OLEGARIO MACIEL 742, CENTRO;CENTRO-SUL;2019;POINT (-43.92215824 -19.92995555)
SGO;2019-09-25 10:27:00;SETEMBRO/2019;03/2019;AVENIDA OLEGARIO MACIEL 742, CENTRO;CENTRO-SUL;2019;POINT (-43.92436373 -19.9283788)
SGO;2019-09-27 10:12:00;SETEMBRO/2019;03/2019;AVENIDA AMAZONAS 1848, BARRO PRETO;CENTRO-SUL;2019;POINT (-43.94382531 -19.91687291)
SGO;2019-09-28 06:34:00;SETEMBRO/2019;03/2019;AVENIDA SILVA LOBO 388, CALAFATE;OESTE;2019;POINT (-43.9342232 -19.92708557)
SGO;2019-09-28 07:16:00;SETEMBRO/2019;03/2019;AVENIDA CRISTIANO MACHADO 5460, SAO PAULO;NORDESTE;2019;POINT (-44.0339557252429 -19.9869162645001)
SGO;2019-09-30 05:57:00;SETEMBRO/2019;03/2019;RUA IMPERIAL 805, SAO SALVADOR;NOROESTE;2019;POINT (-43.92516869 -19.93347472)
SGO;2019-09-30 07:20:00;SETEMBRO/2019;03/2019;AVENIDA OLEGARIO MACIEL 1985, LOURDES;CENTRO-SUL;2019;POINT (-43.92436373 -19.9283788)
SGO;2019-10-01 07:52:00;OUTUBRO/2019;04/2019;AVENIDA AUGUSTO DE LIMA 1628, BARRO PRETO;CENTRO-SUL;2019;POINT (-43.92264176 -19.93050936)
SGO;2019-10-02 05:18:00;OUTUBRO/2019;04/2019;AVENIDA OLEGARIO MACIEL 1985, LOURDES;CENTRO-SUL;2019;POINT (-43.92464207 -19.93275606)
SGO;2019-10-02 05:35:00;OUTUBRO/2019;04/2019;AVENIDA AMAZONAS 1848, BARRO PRETO;CENTRO-SUL;2019;POINT (-43.9415277 -19.93906852)
SGO;2019-10-02 05:37:00;OUTUBRO/2019;04/2019;AVENIDA DO CONTORNO 842, CENTRO;CENTRO-SUL;2019;POINT (-44.01047666 -19.88724271)
SGO;2019-10-10 05:40:00;OUTUBRO/2019;04/2019;AVENIDA SILVA LOBO 388, CALAFATE;OESTE;2019;POINT (-43.9948196962667 -19.958012318005)
SGO;2019-10-12 06:16:00;OUTUBRO/2019;04/2019;AVENIDA AMAZONAS 1848, BARRO PRETO;CENTRO-SUL;2019;POINT (-43.92562823 -19.93298832)
SGO;2019-10-14 17:52:00;OUTUBRO/2019;04/2019;RUA GONCALVES DIAS 2316, LOURDES;CENTRO-SUL;2019;POINT (-43.92425496 -19.92854906)
SGO;2019-10-15 18:43:00;OUTUBRO/2019;04/2019;RUA GONCALVES DIAS 2316, LOURDES;CENTRO-SUL;2019;POINT (-43.92436373 -19.9283788)
SGO;2019-10-19 07:12:00;OUTUBRO/2019;04/2019;PRACA RAUL SOARES 16, CENTRO;CENTRO-SUL;2019;POINT (-43.92562823 -19.93298832)
SGO;2019-10-21 06:38:00;OUTUBRO/2019;04/2019;AVENIDA AMAZONAS 1848, BARRO PRETO;CENTRO-SUL;2019;POINT (-43.92436373 -19.9283788)
SGO;2019-10-21 06:40:00;OUTUBRO/2019;04/2019;AVENIDA SILVA LOBO 388, CALAFATE;OESTE;2019;POINT (-44.029832 -19.97861784)
SGO;2019-10-23 05:11:00;OUTUBRO/2019;04/2019;AVENIDA VILARINHO 1000, PARQUE SAO PEDRO;VENDA NOVA;2019;POINT (-43.96022414 -19.82776627)
SGO;2019-10-23 07:13:00;OUTUBRO/2019;04/2019;RUA DOS TIMBIRAS 2848, BARRO PRETO;CENTRO-SUL;2019;POINT (-44.02866833 -19.97991173)
SGO;2019-10-24 07:32:00;OUTUBRO/2019;04/2019;RUA DA BAHIA 570, CENTRO;CENTRO-SUL;2019;POINT (-43.93109567 -19.91754105)
SGO;2019-10-25 05:40:00;OUTUBRO/2019;04/2019;AVENIDA JOAO PINHEIRO 152, LOURDES;CENTRO-SUL;2019;POINT (-43.93109567 -19.91754105)
SGO;2019-10-25 07:13:00;OUTUBRO/2019;04/2019;AVENIDA CRISTIANO MACHADO 2201, SILVEIRA;NORDESTE;2019;POINT (-43.96024712 -19.91125715)
SGO;2019-10-25 08:05:00;OUTUBRO/2019;04/2019;AVENIDA PRESIDENTE ANTONIO CARLOS 264, LAGOINHA;NOROESTE;2019;POINT (-43.93059894 -19.90496007)
SGO;2019-10-25 22:33:00;OUTUBRO/2019;04/2019;RUA ESPIRITO SANTO 1100, CENTRO;CENTRO-SUL;2019;POINT (-43.92483764 -19.93507042)
SGO;2019-10-27 23:09:00;OUTUBRO/2019;04/2019;AVENIDA ALVARES CABRAL 886, LOURDES;CENTRO-SUL;2019;POINT (-43.96024712 -19.91125715)
SGO;2019-10-28 06:03:00;OUTUBRO/2019;04/2019;AVENIDA BARBACENA 1067, SANTO AGOSTINHO;CENTRO-SUL;2019;POINT (-43.92769004 -19.93732884)
SGO;2019-10-28 06:40:00;OUTUBRO/2019;04/2019;AVENIDA CRISTIANO MACHADO 2201, SILVEIRA;NORDESTE;2019;POINT (-43.928294 -19.93624455)
SGO;2019-10-29 05:45:00;OUTUBRO/2019;04/2019;AVENIDA DO CONTORNO 102, CENTRO;CENTRO-SUL;2019;POINT (-43.92583842 -19.93675278)
SGO;2019-10-29 09:35:00;OUTUBRO/2019;04/2019;RUA DOS TIMBIRAS 2974, BARRO PRETO;CENTRO-SUL;2019;POINT (-43.928294 -19.93624455)
SGO;2019-10-29 11:27:00;OUTUBRO/2019;04/2019;AVENIDA AUGUSTO DE LIMA 1628, BARRO PRETO;CENTRO-SUL;2019;POINT (-43.93625049 -19.91606307)
SGO;2019-10-30 06:01:00;OUTUBRO/2019;04/2019;AVENIDA TERESA CRISTINA 9010, CINQUENTENARIO;OESTE;2019;POINT (-44.02866833 -19.97991173)
SGO;2019-10-31 05:12:00;OUTUBRO/2019;04/2019;AVENIDA DOS ANDRADAS 555, CENTRO;CENTRO-SUL;2019;POINT (-43.9257802931995 -19.9369371649609)
SGO;2019-10-31 05:37:00;OUTUBRO/2019;04/2019;AVENIDA BIAS FORTES 1034, LOURDES;CENTRO-SUL;2019;POINT (-43.9305671437013 -19.9185268847114)
SGO;2019-11-01 04:03:00;NOVEMBRO/2019;04/2019;AVENIDA CRISTIANO MACHADO 2201, SILVEIRA;NORDESTE;2019;POINT (-43.92729196 -19.92761263)
SGO;2019-11-01 05:43:00;NOVEMBRO/2019;04/2019;AVENIDA DO CONTORNO 842, CENTRO;CENTRO-SUL;2019;POINT (-43.93109567 -19.91754105)
SGO;2019-11-01 05:47:00;NOVEMBRO/2019;04/2019;PRACA RAUL SOARES 16, CENTRO;CENTRO-SUL;2019;POINT (-43.93109567 -19.91754105)
SGO;2019-11-03 06:11:00;NOVEMBRO/2019;04/2019;AVENIDA AUGUSTO DE LIMA 270, CENTRO;CENTRO-SUL;2019;POINT (-43.97241108 -19.92540557)
SGO;2019-11-06 05:49:00;NOVEMBRO/2019;04/2019;AVENIDA DO CONTORNO 102, CENTRO;CENTRO-SUL;2019;POINT (-43.93282756 -19.93372884)
SGO;2019-11-07 01:09:00;NOVEMBRO/2019;04/2019;RUA MALIBU 10, VILA CLORIS;VENDA NOVA;2019;POINT (-44.02866833 -19.97991173)
SGO;2019-11-07 05:10:00;NOVEMBRO/2019;04/2019;AVENIDA OLEGARIO MACIEL 115, CENTRO;CENTRO-SUL;2019;POINT (-43.9342232 -19.92708557)
SGO;2019-11-08 05:58:00;NOVEMBRO/2019;04/2019;AVENIDA AFONSO PENA 1394, CENTRO;CENTRO-SUL;2019;POINT (-43.94587228 -19.90189761)
SGO;2019-11-08 06:22:00;NOVEMBRO/2019;04/2019;AVENIDA AUGUSTO DE LIMA 2061, BARRO PRETO;CENTRO-SUL;2019;POINT (-43.93746449 -19.920547)
SGO;2019-11-09 06:13:00;NOVEMBRO/2019;04/2019;AVENIDA AUGUSTO DE LIMA 2061, BARRO PRETO;CENTRO-SUL;2019;POINT (-43.92409333 -19.93660879)
SGO;2019-11-10 06:14:00;NOVEMBRO/2019;04/2019;AVENIDA AMAZONAS 1658, BARRO PRETO;CENTRO-SUL;2019;POINT (-43.92518037 -19.93644291)
SGO;2019-11-10 06:15:00;NOVEMBRO/2019;04/2019;AVENIDA DO CONTORNO 9894, BARRO PRETO;CENTRO-SUL;2019;POINT (-43.92518037 -19.93644291)
SGO;2019-11-10 06:15:00;NOVEMBRO/2019;04/2019;AVENIDA DO CONTORNO 9716, BARRO PRETO;CENTRO-SUL;2019;POINT (-43.96300293 -19.93089382)
SGO;2019-11-11 05:43:00;NOVEMBRO/2019;04/2019;AVENIDA DO CONTORNO 9716, BARRO PRETO;CENTRO-SUL;2019;POINT (-43.92518037 -19.93644291)
SGO;2019-11-11 22:30:00;NOVEMBRO/2019;04/2019;AVENIDA AMAZONAS 1658, BARRO PRETO;CENTRO-SUL;2019;POINT (-43.92412636 -19.93657204)
SGO;2019-11-12 05:27:00;NOVEMBRO/2019;04/2019;AVENIDA DO CONTORNO 9384, BARRO PRETO;CENTRO-SUL;2019;POINT (-43.9421207453298 -19.9272915613681)
SGO;2019-11-12 05:28:00;NOVEMBRO/2019;04/2019;AVENIDA DO CONTORNO 9704, BARRO PRETO;CENTRO-SUL;2019;POINT (-43.92412636 -19.93657204)
SGO;2019-11-13 05:42:00;NOVEMBRO/2019;04/2019;AVENIDA DO CONTORNO 52, CENTRO;CENTRO-SUL;2019;POINT (-43.93109567 -19.91754105)
SGO;2019-11-13 05:42:00;NOVEMBRO/2019;04/2019;AVENIDA DO CONTORNO 9716, BARRO PRETO;CENTRO-SUL;2019;POINT (-43.94212075 -19.92729156)
SGO;2019-11-13 09:49:00;NOVEMBRO/2019;04/2019;AVENIDA PRESIDENTE ANTONIO CARLOS 6472, LIBERDADE;PAMPULHA;2019;POINT (-43.92518037 -19.93644291)
SGO;2019-11-13 11:12:00;NOVEMBRO/2019;04/2019;AVENIDA DOS ANDRADAS 1346, SANTA EFIGENIA;CENTRO-SUL;2019;POINT (-43.9411103 -19.92261698)
SGO;2019-11-14 06:01:00;NOVEMBRO/2019;04/2019;AVENIDA DO CONTORNO 52, CENTRO;CENTRO-SUL;2019;POINT (-43.9258438450094 -19.9364286788919)
SGO;2019-11-15 09:42:00;NOVEMBRO/2019;04/2019;RUA SANTA CATARINA 1558, LOURDES;CENTRO-SUL;2019;POINT (-43.98569532 -19.92321554)
SGO;2019-11-17 06:32:00;NOVEMBRO/2019;04/2019;AVENIDA DO CONTORNO 9894, BARRO PRETO;CENTRO-SUL;2019;POINT (-43.98098108 -19.93059942)
SGO;2019-11-17 06:37:00;NOVEMBRO/2019;04/2019;AVENIDA AMAZONAS 1658, BARRO PRETO;CENTRO-SUL;2019;POINT (-43.93109567 -19.91754105)
SGO;2019-11-17 18:28:00;NOVEMBRO/2019;04/2019;AVENIDA DO CONTORNO 9894, BARRO PRETO;CENTRO-SUL;2019;POINT (-43.93027563 -19.93321402)
SGO;2019-11-19 05:13:00;NOVEMBRO/2019;04/2019;AVENIDA OLEGARIO MACIEL 115, CENTRO;CENTRO-SUL;2019;POINT (-43.93108793 -19.93241391)
SGO;2019-11-19 05:21:00;NOVEMBRO/2019;04/2019;AVENIDA BIAS FORTES 1034, LOURDES;CENTRO-SUL;2019;POINT (-43.9578371598039 -19.9266408983324)
SGO;2019-11-19 07:17:00;NOVEMBRO/2019;04/2019;AVENIDA AUGUSTO DE LIMA 1628, BARRO PRETO;CENTRO-SUL;2019;POINT (-43.9816904533461 -19.9307848902431)
SGO;2019-11-20 05:43:00;NOVEMBRO/2019;04/2019;AVENIDA DO CONTORNO 52, CENTRO;CENTRO-SUL;2019;POINT (-43.93218346 -19.9274952)
SGO;2019-11-20 06:53:00;NOVEMBRO/2019;04/2019;AVENIDA AFONSO PENA 1700, BOA VIAGEM;CENTRO-SUL;2019;POINT (-43.9323540830154 -19.9280145833)
SGO;2019-11-21 05:35:00;NOVEMBRO/2019;04/2019;AVENIDA AFONSO PENA 871, CENTRO;CENTRO-SUL;2019;POINT (-43.9276124 -19.92087946)
SGO;2019-11-21 05:36:00;NOVEMBRO/2019;04/2019;AVENIDA AMAZONAS 4718, NOVA SUISSA;OESTE;2019;POINT (-43.93108793 -19.93241391)
SGO;2019-11-23 23:43:00;NOVEMBRO/2019;04/2019;AVENIDA AFONSO PENA 785, CENTRO;CENTRO-SUL;2019;POINT (-43.97178804 -19.92666499)
SGO;2019-11-26 09:05:00;NOVEMBRO/2019;04/2019;AVENIDA BIAS FORTES 1762, CENTRO;CENTRO-SUL;2019;POINT (-43.96831427 -19.93141509)
SGO;2019-11-26 22:42:00;NOVEMBRO/2019;04/2019;AVENIDA AFONSO PENA 785, CENTRO;CENTRO-SUL;2019;POINT (-43.93026856 -19.93312933)
SGO;2019-11-27 05:17:00;NOVEMBRO/2019;04/2019;RUA DA BAHIA 1002, CENTRO;CENTRO-SUL;2019;POINT (-43.92987473 -19.9309276)
SGO;2019-11-27 05:37:00;NOVEMBRO/2019;04/2019;AVENIDA SILVA LOBO 388, CALAFATE;OESTE;2019;POINT (-43.9298747304774 -19.930927601722)
SGO;2019-11-27 05:40:00;NOVEMBRO/2019;04/2019;AVENIDA AMAZONAS 1658, BARRO PRETO;CENTRO-SUL;2019;POINT (-43.98575718 -19.93911352)
SGO;2019-11-28 05:43:00;NOVEMBRO/2019;04/2019;AVENIDA SILVA LOBO 388, CALAFATE;OESTE;2019;POINT (-43.92436373 -19.9283788)
SGO;2019-11-28 07:35:00;NOVEMBRO/2019;04/2019;RUA SANTA CATARINA 1424, LOURDES;CENTRO-SUL;2019;POINT (-43.92215824 -19.92995555)
SGO;2019-12-01 06:53:00;DEZEMBRO/2019;04/2019;RUA DOS TIMBIRAS 2349, LOURDES;CENTRO-SUL;2019;POINT (-43.92215824 -19.92995555)
SGO;2019-12-01 07:20:00;DEZEMBRO/2019;04/2019;AVENIDA AUGUSTO DE LIMA 315, CENTRO;CENTRO-SUL;2019;POINT (-43.9276124 -19.92087946)
SGO;2019-12-01 07:22:00;DEZEMBRO/2019;04/2019;AVENIDA AUGUSTO DE LIMA 104, CENTRO;CENTRO-SUL;2019;POINT (-43.98405934 -19.92557271)
SGO;2019-12-02 06:49:00;DEZEMBRO/2019;04/2019;AVENIDA OLEGARIO MACIEL 263, CENTRO;CENTRO-SUL;2019;POINT (-43.92729196 -19.92761263)
SGO;2019-12-02 20:39:00;DEZEMBRO/2019;04/2019;AVENIDA DOS ANDRADAS 1346, SANTA EFIGENIA;CENTRO-SUL;2019;POINT (-43.92436373 -19.9283788)
SGO;2019-12-04 05:38:00;DEZEMBRO/2019;04/2019;AVENIDA OLEGARIO MACIEL 115, CENTRO;CENTRO-SUL;2019;POINT (-43.9276124 -19.92087946)
SGO;2019-12-05 05:09:00;DEZEMBRO/2019;04/2019;RUA DOS CAETES 947, CENTRO;CENTRO-SUL;2019;POINT (-43.92215824 -19.92995555)
SGO;2019-12-05 05:41:00;DEZEMBRO/2019;04/2019;RUA ARAGUARI 692, BARRO PRETO;CENTRO-SUL;2019;POINT (-43.9246420741843 -19.932756061723)
SGO;2019-12-08 06:14:00;DEZEMBRO/2019;04/2019;RUA DOS TUPIS 1203, BARRO PRETO;CENTRO-SUL;2019;POINT (-43.9312921156595 -19.9233633895406)
SGO;2019-12-08 06:23:00;DEZEMBRO/2019;04/2019;RUA SAO PAULO 994, CENTRO;CENTRO-SUL;2019;POINT (-44.02866833 -19.97991173)
SGO;2019-12-09 05:37:00;DEZEMBRO/2019;04/2019;RUA SAO PAULO 994, CENTRO;CENTRO-SUL;2019;POINT (-43.92436373 -19.9283788)
SGO;2019-12-09 05:37:00;DEZEMBRO/2019;04/2019;RUA ARAGUARI 154, BARRO PRETO;CENTRO-SUL;2019;POINT (-43.9276124 -19.92087946)
SGO;2019-12-09 18:46:00;DEZEMBRO/2019;04/2019;AVENIDA SANTOS DUMONT 304, CENTRO;CENTRO-SUL;2019;POINT (-43.97494111 -19.92934774)
SGO;2019-12-09 19:35:00;DEZEMBRO/2019;04/2019;RUA DOS TIMBIRAS 1484, LOURDES;CENTRO-SUL;2019;POINT (-43.98098108 -19.93059942)
SGO;2019-12-10 05:37:00;DEZEMBRO/2019;04/2019;AVENIDA AUGUSTO DE LIMA 104, CENTRO;CENTRO-SUL;2019;POINT (-43.97494111 -19.92934774)
SGO;2019-12-10 14:42:00;DEZEMBRO/2019;04/2019;RUA RIO GRANDE DO NORTE 300, FUNCIONARIOS;CENTRO-SUL;2019;POINT (-43.92215824 -19.92995555)
SGO;2019-12-12 05:45:00;DEZEMBRO/2019;04/2019;AVENIDA OLEGARIO MACIEL 103, CENTRO;CENTRO-SUL;2019;POINT (-43.96543809 -19.93133965)
SGO;2019-12-12 05:46:00;DEZEMBRO/2019;04/2019;AVENIDA ALVARES CABRAL 534, LOURDES;CENTRO-SUL;2019;POINT (-44.02806764 -19.9938024)
SGO;2019-12-13 05:07:00;DEZEMBRO/2019;04/2019;AVENIDA OLEGARIO MACIEL 103, CENTRO;CENTRO-SUL;2019;POINT (-43.96543809 -19.93133965)
SGO;2019-12-14 06:17:00;DEZEMBRO/2019;04/2019;RUA DOS TIMBIRAS 1200, CENTRO;CENTRO-SUL;2019;POINT (-43.92215824 -19.92995555)
SGO;2019-12-14 06:18:00;DEZEMBRO/2019;04/2019;RUA DA BAHIA 1002, CENTRO;CENTRO-SUL;2019;POINT (-44.04335836 -19.98911748)
SGO;2019-12-14 08:04:00;DEZEMBRO/2019;04/2019;AVENIDA AUGUSTO DE LIMA 270, CENTRO;CENTRO-SUL;2019;POINT (-43.96468302 -19.93121908)
SGO;2019-12-15 06:32:00;DEZEMBRO/2019;04/2019;RUA DA BAHIA 1002, CENTRO;CENTRO-SUL;2019;POINT (-43.95524363 -19.91128754)
SGO;2019-12-15 06:35:00;DEZEMBRO/2019;04/2019;RUA ESPIRITO SANTO 1076, CENTRO;CENTRO-SUL;2019;POINT (-43.92215824 -19.92995555)
SGO;2019-12-15 06:36:00;DEZEMBRO/2019;04/2019;RUA SAO PAULO 1288, CENTRO;CENTRO-SUL;2019;POINT (-43.95502098 -19.91256371)
SGO;2019-12-15 06:37:00;DEZEMBRO/2019;04/2019;RUA JOSAFA BELO 374, CIDADE JARDIM;CENTRO-SUL;2019;POINT (-44.00880196 -19.98786535)
SGO;2019-12-17 00:43:00;DEZEMBRO/2019;04/2019;AVENIDA PRESIDENTE ANTONIO CARLOS 4044, SAO FRANCISCO;PAMPULHA;2019;POINT (-44.03743729 -19.98603612)
SGO;2019-12-17 05:46:00;DEZEMBRO/2019;04/2019;AVENIDA AFONSO PENA 1534, CENTRO;CENTRO-SUL;2019;POINT (-43.92436373 -19.9283788)
SGO;2019-12-17 07:53:00;DEZEMBRO/2019;04/2019;AVENIDA BERNARDO MONTEIRO 1370, FUNCIONARIOS;CENTRO-SUL;2019;POINT (-43.9276124 -19.92087946)
SGO;2019-12-18 08:14:00;DEZEMBRO/2019;04/2019;AVENIDA AMAZONAS 1848, BARRO PRETO;CENTRO-SUL;2019;POINT (-43.9269828842679 -19.9205408663415)
SGO;2019-12-18 10:25:00;DEZEMBRO/2019;04/2019;AVENIDA AUGUSTO DE LIMA 315, CENTRO;CENTRO-SUL;2019;POINT (-43.92987473 -19.9309276)
SGO;2019-12-19 01:07:00;DEZEMBRO/2019;04/2019;AVENIDA AFONSO VAZ DE MELO 1730, ATILA DE PAIVA;BARREIRO;2019;POINT (-43.92436373 -19.9283788)
SGO;2019-12-19 05:42:00;DEZEMBRO/2019;04/2019;RUA DOS GOITACAZES 165, CENTRO;CENTRO-SUL;2019;POINT (-43.9248909748381 -19.927511765593)
SGO;2019-12-19 05:43:00;DEZEMBRO/2019;04/2019;RUA SAO PAULO 1288, CENTRO;CENTRO-SUL;2019;POINT (-43.92215824 -19.92995555)
SGO;2019-12-19 08:21:00;DEZEMBRO/2019;04/2019;RUA SAO PAULO 994, CENTRO;CENTRO-SUL;2019;POINT (-43.92732212 -19.87013994)
SGO;2019-12-19 08:36:00;DEZEMBRO/2019;04/2019;AVENIDA OLEGARIO MACIEL 742, CENTRO;CENTRO-SUL;2019;POINT (-43.9276124 -19.92087946)
SGO;2019-12-19 17:49:00;DEZEMBRO/2019;04/2019;AVENIDA AUGUSTO DE LIMA 104, CENTRO;CENTRO-SUL;2019;POINT (-43.9504807009281 -19.9465697261817)
SGO;2019-12-20 18:46:00;DEZEMBRO/2019;04/2019;AVENIDA JOAO PINHEIRO 33, BOA VIAGEM;CENTRO-SUL;2019;POINT (-43.92482287 -19.91200754)
SGO;2019-12-22 00:32:00;DEZEMBRO/2019;04/2019;RUA DOS TUPINAMBAS 914, CENTRO;CENTRO-SUL;2019;POINT (-43.92436373 -19.9283788)
SGO;2019-12-22 06:29:00;DEZEMBRO/2019;04/2019;RUA DOS GOITACAZES 1354, BARRO PRETO;CENTRO-SUL;2019;POINT (-43.9392288348729 -19.9135506056075)
SGO;2019-12-22 06:42:00;DEZEMBRO/2019;04/2019;RUA DOS GOITACAZES 1506, BARRO PRETO;CENTRO-SUL;2019;POINT (-43.93854923 -19.91433263)
SGO;2019-12-24 09:21:00;DEZEMBRO/2019;04/2019;RUA ENGENHEIRO GODOFREDO DOS SANTOS 73, ESTORIL;OESTE;2019;POINT (-43.9248909748381 -19.927511765593)
SGO;2019-12-25 18:48:00;DEZEMBRO/2019;04/2019;RUA SAO PAULO 409, LOURDES;CENTRO-SUL;2019;POINT (-43.9281825024965 -19.9275675995149)
SGO;2019-12-25 18:51:00;DEZEMBRO/2019;04/2019;AVENIDA BIAS FORTES 1034, LOURDES;CENTRO-SUL;2019;POINT (-43.9206937907111 -19.874125180115)
SGO;2019-12-25 21:32:00;DEZEMBRO/2019;04/2019;AVENIDA PARANA 145, CENTRO;CENTRO-SUL;2019;POINT (-43.92409333 -19.93660879)
SGO;2019-12-25 22:27:00;DEZEMBRO/2019;04/2019;RUA PARACATU 214, BARRO PRETO;CENTRO-SUL;2019;POINT (-43.92436373 -19.9283788)
SGO;2019-12-26 05:42:00;DEZEMBRO/2019;04/2019;RUA ALAGOAS 92, BOA VIAGEM;CENTRO-SUL;2019;POINT (-43.93006032 -19.92866107)
SGO;2019-12-26 05:43:00;DEZEMBRO/2019;04/2019;AVENIDA AFONSO PENA 2093, FUNCIONARIOS;CENTRO-SUL;2019;POINT (-43.93657498 -19.91465924)
SGO;2019-12-27 05:44:00;DEZEMBRO/2019;04/2019;AVENIDA AUGUSTO DE LIMA 1628, BARRO PRETO;CENTRO-SUL;2019;POINT (-43.92436884 -19.93642328)
SGO;2019-12-27 05:45:00;DEZEMBRO/2019;04/2019;AVENIDA DO CONTORNO 10956, BARRO PRETO;CENTRO-SUL;2019;POINT (-43.99301856 -19.95709908)
SGO;2019-12-27 05:46:00;DEZEMBRO/2019;04/2019;RUA ALAGOAS 92, BOA VIAGEM;CENTRO-SUL;2019;POINT (-43.96981863 -19.93679172)
SGO;2019-12-27 11:23:00;DEZEMBRO/2019;04/2019;AVENIDA AMAZONAS 1032, CENTRO;CENTRO-SUL;2019;POINT (-43.92409333 -19.93660879)
SGO;2019-12-27 18:23:00;DEZEMBRO/2019;04/2019;AVENIDA AFONSO PENA 1700, CENTRO;CENTRO-SUL;2019;POINT (-43.92871079 -19.92163118)
SGO;2019-12-27 18:25:00;DEZEMBRO/2019;04/2019;AVENIDA AFONSO PENA 1394, CENTRO;CENTRO-SUL;2019;POINT (-43.9340120875662 -19.9402481109596)
SGO;2019-12-27 18:56:00;DEZEMBRO/2019;04/2019;AVENIDA AFONSO PENA 1537, CENTRO;CENTRO-SUL;2019;POINT (-43.93311327 -19.93079052)
SGO;2019-12-27 19:34:00;DEZEMBRO/2019;04/2019;AVENIDA AFONSO PENA 1700, BOA VIAGEM;CENTRO-SUL;2019;POINT (-43.9336572680573 -19.9306264785112)
SGO;2019-12-30 06:23:00;DEZEMBRO/2019;04/2019;AVENIDA BIAS FORTES 1034, LOURDES;CENTRO-SUL;2019;POINT (-43.94653087 -19.92092273)
SGO;2019-12-30 06:24:00;DEZEMBRO/2019;04/2019;RUA DOS GUAJAJARAS 822, LOURDES;CENTRO-SUL;2019;POINT (-43.92409333 -19.93660879)
SGO;2019-12-30 08:52:00;DEZEMBRO/2019;04/2019;AVENIDA AMAZONAS 3300, PRADO;OESTE;2019;POINT (-43.9701094192444 -19.9363925775386)
SGO;2019-12-31 07:57:00;DEZEMBRO/2019;04/2019;AVENIDA AMAZONAS 3777, BARROCA;OESTE;2019;POINT (-43.92409333 -19.93660879)
